Nom de la commune,Longitude,Latitude,Département,Numéro de département,Région,Code commune,Code INSEE,Code EPCI,Nom du maire,Nuance Maire,Population (2015),Nombre de policiers municipaux (2015),Caméras mobiles,Subventions FIPD,Nombre d'activations,Fournisseur,Montant du marché,Date de l'autorisation préfectorale,"Date de fin de l'autorisation
préfectorale",Lien autorisation préfectorale
,,,Somme,80,Nord-Pas-de-Calais-Picardie,,,,,,,,1,,,,,27/04/2017,03/06/2018,
Marseille,"5,3699525","43,2961743",Bouches-du-Rhône,13,Provence-Alpes-Côte d'Azur,055,13055,NA,Jean-Claude GAUDIN,UMP,861635,426,100,"20 000,00 €",86,Sentinel,"90 000,00 €",22/02/2017,22/07/2018,
Nice,"7,2683912","43,7009358",Alpes-Maritimes,06,Provence-Alpes-Côte d'Azur,088,06088,NA,Christian ESTROSI,UMP,342522,386,300,"10 000,00 €",*plusieurs centaines d’activations*,,*caméras prêtées*,24/03/2017,03/06/2018,http://www.alpes-maritimes.gouv.fr/content/download/19790/180113/file/Recueil%20special%2054.2017.pdf
Nice,"7,2683912","43,7009358",Alpes-Maritimes,06,Provence-Alpes-Côte d'Azur,088,06088,NA,Christian ESTROSI,UMP,342522,386,8,"10 000,00 €",*plusieurs centaines d’activations*,,*caméras prêtées*,19/07/2017,15/09/2017,
Nantes,"-1,5541362","47,2186371",Loire-Atlantique,44,Pays de la Loire,109,44109,NA,Johanna ROLLAND,SOC,303382,103,45,,,,,05/02/2018,05/06/2018,
Montpellier,"3,8767337","43,6112422",Hérault,34,Languedoc-Roussillon-Midi-Pyrénées,172,34172,NA,Philippe SAUREL,DVG,277639,183,10,,,,,03/01/2018,03/06/2018,
Bordeaux,"-0,5800364","44,841225",Gironde,33,Aquitaine-Limousin-Poitou-Charentes,063,33063,NA,Alain JUPPÉ,UMP,249712,114,80,"20 000,00 €",57,,,29/01/2018,03/06/2018,
"Lille, Lomme et Hellemmes","3,0706414","50,6305089",Nord,59,Nord-Pas-de-Calais-Picardie,NA,NA,NA,Martine AUBRY,SOC,232741,118,13,,,,,30/03/2017,03/06/2018,
Rennes,"-1,6800198","48,1113387",Ille-et-Vilaine,35,Bretagne,238,35238,NA,Nathalie APPERE,SOC,215366,62,15,,*relativement souvent*,,"13 628,00 €",01/08/2017,03/06/2018,
Reims,"4,031926","49,2577886",Marne,51,Alsace-Champagne-Ardenne-Lorraine,454,51454,NA,Arnaud ROBINET,UMP,184076,92,15,,*pas d'expérimentation*,pas de commande,,26/09/2017,03/06/2018,
Saint-Étienne,"4,3873058","45,4401467",Loire,42,Auvergne-Rhône-Alpes,218,42218,NA,Gaël PERDRIAU,UMP,171057,161,9,,*très souvent*,Exavision,,30/05/2017,03/06/2018,
Dijon,"5,0414701","47,3215806",Côte-d'Or,21,Bourgogne-Franche-Comté,231,21231,NA,François REBSAMEN,SOC,155114,44,6,"1 932,00 €",,,,06/12/2017,03/06/2018,
Angers,"-0,5515588","47,4739884",Maine-et-Loire,49,Pays de la Loire,007,49007,NA,Christophe BECHU,UMP,151520,55,16,"3 200,00 €",*ne souhaite pas communiquer*,Cegelec / Axians Communications et Systems,,19/06/2017,06/06/2018,
Aix-en-Provence,"5,4474738","43,5298424",Bouches-du-Rhône,13,Provence-Alpes-Côte d'Azur,001,13001,NA,Maryse JOISSAINS-MASINI,UMP,142668,97,3,,*ne souhaite pas communiquer*,Axon,,14/12/2017,14/05/2019,http://www.bouches-du-rhone.gouv.fr/content/download/25532/153436/file/recueil-13-2017-291-recueil-des-actes-administratifs-special-2%20du%2014%20décembre%202017.pdf
Clermont-Ferrand,"3,0819427","45,7774551",Puy-de-Dôme,63,Auvergne-Rhône-Alpes,113,63113,NA,Olivier BIANCHI,SOC,141398,40,13,,,,,04/08/2017,04/06/2018,
Tours,"0,6889268","47,3900474",Indre-et-Loire,37,Centre-Val de Loire,261,37261,NA,Serge BABARY,UMP,136252,90,8,,,,,10/01/2018,03/06/2018,
Amiens,"2,2956951","49,8941708",Somme,80,Nord-Pas-de-Calais-Picardie,021,80021,NA,Brigitte FOURE,UDI,132874,86,21,,,,,12/12/2017,03/06/2018,http://somme.gouv.fr/content/download/23845/156705/file/recueil-2017-086-recueil-des-actes-administratifs.pdf
Besançon,"6,0243246","47,237953",Doubs,25,Bourgogne-Franche-Comté,056,25056,NA,Jean-Louis FOUSSERET,LRM,116676,53,40,,*ne souhaite pas communiquer*,Sentinel,"17 780,00 €",21/07/2017,03/06/2018,
Orléans,"1,9086066","47,9027336",Loiret,45,Centre-Val de Loire,234,45234,NA,Olivier CARRE,UMP,114644,107,20,,,,,26/02/2018,03/06/2018,
Saint-Denis,"2,3580232","48,935773",Seine-Saint-Denis,93,Ile-de-France,066,93066,NA,Laurent RUSSIER,COM,111103,48,15,,,,,21/12/2017,03/06/2018,
Poitiers,"0,340196","46,5802596",Vienne,86,Aquitaine-Limousin-Poitou-Charentes,194,86194,NA,Alain CLAEYS,SOC,87918,22,8,,,,,17/08/17,03/06/2018,
Asnières-sur-Seine,"2,2890454","48,9105948",Hauts-de-Seine,92,Ile-de-France,004,92004,NA,Manuel AESCHLIMANN,UMP,86512,51,4,"800,00 €",,,,12/04/2017,03/06/2018,
Versailles,"2,1266886","48,8035403",Yvelines,78,Ile-de-France,646,78646,NA,François DE MAZIERES,DVD,85771,25,4,,,,,15/03/2018,15/04/2018,http://www.yvelines.gouv.fr/content/download/14841/94204/file/RAA%20N°36%20du%2019%20mars%202018.pdf
Colombes,"2,2543577","48,922788",Hauts-de-Seine,92,Ile-de-France,025,92025,NA,Nicole GOUETA,UMP,85199,65,10,,,,,28/09/2017,03/06/2018,
Aulnay-sous-Bois,"2,499789","48,934231",Seine-Saint-Denis,93,Ile-de-France,005,93005,NA,Bruno BESCHIZZA,UMP,83584,76,25,,,,,18/05/2017,03/06/2018,
Courbevoie,"2,2561602","48,8953328",Hauts-de-Seine,92,Ile-de-France,026,92026,NA,Jacques KOSSOWSKI,UMP,83136,49,8,"1 464,00 €",,,,12/04/2017,03/06/2018,
Pau,"-0,3685668","43,2957547",Pyrénées-Atlantiques,64,Aquitaine-Limousin-Poitou-Charentes,445,64445,NA,François BAYROU,MDM,77215,35,6,,*une dizaine de déclenchements pour apaiser des interventions.*,,,29/05/2017,03/06/2018,
Pau,"-0,3685668","43,2957547",Pyrénées-Atlantiques,64,Aquitaine-Limousin-Poitou-Charentes,445,64445,NA,François BAYROU,MDM,77215,35,3,,,,,29/09/2017,03/06/2018,
Béziers,"3,2166203","43,341279",Hérault,34,Languedoc-Roussillon-Midi-Pyrénées,032,34032,NA,Robert MENARD,DVD,75999,81,16,,*plus de 200 fois*,,,03/10/2017,03/06/2018,
Ajaccio,"8,7376029","41,9263991",Corse-du-Sud,2A,Corse,004,2A004,NA,Laurent MARCANGELI,UMP,68462,38,31,,0,,,17/08/2017,03/06/2018,
La Seyne-sur-Mer,"5,8788948","43,1007714",Var,83,Provence-Alpes-Côte d'Azur,126,83126,NA,Marc VUILLEMOT,SOC,64903,54,5,"765,00 €",,,,27/04/2017,03/06/2018,
Levallois-Perret,"2,2873009","48,8951087",Hauts-de-Seine,92,Ile-de-France,044,92044,NA,Patrick BALKANY,UMP,64195,74,6,,,,,12/04/2017,03/06/2018,
Cergy,"2,0388736","49,0527528",Val-d'Oise,95,Ile-de-France,127,95127,NA,Jean-Paul JEANDON,SOC,63395,34,8,,,,,20/11/2017,03/06/2018,
Valence,"4,8920811","44,9332277",Drôme,26,Auvergne-Rhône-Alpes,362,26362,NA,Nicolas DARAGON,UMP,62479,58,7,,,,,11/09/2017,11/05/2018,
CA Montargoise et Rives du Loing,"2,7364119","47,9990047",Loiret,45,Centre-Val de Loire,NA,244500203,244500203,Frank SUPPLISSON,UMP,61452,6,3,,,,,07/06/2017,03/06/2018,
Clichy,"2,30551","48,9026",Hauts-de-Seine,92,Ile-de-France,024,92024,NA,Rémi MUZEAU,UMP,60435,32,10,,,,,04/09/2017,03/06/2018,
Niort,"-0,4645212","46,3239455",Deux-Sèvres,79,Aquitaine-Limousin-Poitou-Charentes,191,79191,NA,Jérôme BALOGE,UDI,58952,15,6,,,,,10/11/2017,03/06/2018,
Lorient,"-3,3660907","47,7477336",Morbihan,56,Bretagne,121,56121,NA,Norbert METAIRIE,SOC,57567,10,4,,,,,07/12/2017,03/06/2018,
Villejuif,"2,35845","48,7927",Val-de-Marne,94,Ile-de-France,076,94076,NA,Franck LE BOHELLEC,UMP,56661,10,16,,,,,22/08/2017,03/06/2018,
Saint-André,"55,6492731","-20,9606333",La Réunion,974,La Réunion,09,97409,NA,Jean-Paul VIRAPOULLÉ,UDI,55730,13,6,"855,00 €",,,,21/04/2017,03/06/2018,http://www.reunion.gouv.fr/IMG/pdf/2017-768.pdf
Beauvais,"2,0823355","49,4300997",Oise,60,Nord-Pas-de-Calais-Picardie,057,60057,NA,Caroline CAYEUX,UMP,54881,47,15,,,,,13/07/2017,03/06/2018,
Meaux,"2,8773541","48,9582708",Seine-et-Marne,77,Ile-de-France,284,77284,NA,Jean-François COPE,UMP,53720,86,10,,,,,22/09/2017,03/06/2018,
Vannes,"-2,7599079","47,6586772",Morbihan,56,Bretagne,260,56260,NA,David ROBO,UMP,53200,14,6,,,,,03/10/2017,03/06/2018,
Bobigny,"2,4452231","48,906387",Seine-Saint-Denis,93,Ile-de-France,008,93008,NA,Stéphane DE PAOLI,UDI,51716,10,5,,,,,14/12/2017,03/06/2018,
Belfort,"6,8628942","47,6379599",Territoire de Belfort,90,Bourgogne-Franche-Comté,010,90010,NA,Damien MESLOT,UMP,49519,23,11,,,,,01/12/2017,03/06/2018,
Vincennes,"2,4396714","48,8474508",Val-de-Marne,94,Ile-de-France,080,94080,NA,Laurent LAFON,UDI,49461,11,6,,,,,22/05/2017,03/06/2018,
Bayonne,"-1,475099","43,4933379",Pyrénées-Atlantiques,64,Aquitaine-Limousin-Poitou-Charentes,102,64102,NA,Jean-René ETCHEGARAY,UDI,49207,29,8,,,,,17/10/2017,03/06/2018,
Suresnes,"2,2252883","48,8710147",Hauts-de-Seine,92,Ile-de-France,073,92073,NA,Christian DUPUY,UMP,48565,24,8,,,,,06/06/2017,03/06/2018,
Charleville-Mézières,"4,7186932","49,7599365",Ardennes,08,Alsace-Champagne-Ardenne-Lorraine,105,08105,NA,Boris RAVIGNON,UMP,47847,24,7,,,,,08/03/2017,03/06/2018,
Vaulx-en-Velin,"4,9206153","45,7784255",Rhône,69,Auvergne-Rhône-Alpes,256,69256,NA,Pierre DUSSURGEY,SOC,47313,13,10,"1 750,00 €",,,,03/04/2017,03/06/2018,
Carcassonne,"2,3491069","43,2130358",Aude,11,Languedoc-Roussillon-Midi-Pyrénées,069,11069,NA,Gérard LARRAT,DVD,45996,36,2,,,,,03/08/2017,03/12/2017,
Carcassonne,"2,3491069","43,2130358",Aude,11,Languedoc-Roussillon-Midi-Pyrénées,069,11069,NA,Gérard LARRAT,DVD,45996,36,1,,,,,28/11/2017,28/03/2018,
Saint-Malo,"-2,015418","48,6454528",Ille-et-Vilaine,35,Bretagne,288,35288,NA,Claude RENOULT,DVD,45719,42,10,,,,,15/05/2017,03/06/2018,http://raa.bretagne.sit.gouv.fr/sit_1_ALK/upload/raa_35_ALK/acte/21688/update_word21688.pdf
Blois,"1,3337639","47,5876861",Loir-et-Cher,41,Centre-Val de Loire,018,41018,NA,Marc GRICOURT,SOC,45710,33,8,,,,,12/09/2017,03/06/2018,
Saint-Brieuc,"-2,7602707","48,5141594",Côtes-d'Armor,22,Bretagne,278,22278,NA,Bruno JONCOUR,MDM,45105,19,4,"764,00 €",,,,05/10/2017,05/06/2018,
Rosny-sous-Bois,"2,4856366","48,8761957",Seine-Saint-Denis,93,Ile-de-France,064,93064,NA,Claude CAPILLON,UMP,44728,28,8,,,,,25/04/2018,03/06/2018,
Sète,"3,6941845","43,4017377",Hérault,34,Languedoc-Roussillon-Midi-Pyrénées,301,34301,NA,François COMMEINHES,UMP,43620,35,8,,,,,02/06/2017,03/06/2018,
Castres,"2,2417954","43,6036776",Tarn,81,Languedoc-Roussillon-Midi-Pyrénées,065,81065,NA,Pascal BUGIS,DVD,41483,32,6,,,,,16/05/2017,03/06/2018,
Wattrelos,"3,2222626","50,7008634",Nord,59,Nord-Pas-de-Calais-Picardie,650,59650,NA,Dominique BAERT,SOC,41264,24,1,,,,,05/01/2018,03/06/2018,
Arras,"2,7772211","50,291048",Pas-de-Calais,62,Nord-Pas-de-Calais-Picardie,041,62041,NA,Frédéric LETURQUE,UDI,40721,19,4,,,,,NC,NC,
Bron,"4,9092352","45,7337532",Rhône,69,Auvergne-Rhône-Alpes,029,69029,NA,Jean-Michel LONGUEVAL,SOC,40694,13,6,"1 098,00 €",,,,13/06/2017,03/06/2018,
Draguignan,"6,4627333","43,5374662",Var,83,Provence-Alpes-Côte d'Azur,050,83050,NA,Richard STRAMBIO,DVD,40278,24,6,"1 095,00 €",,,,29/03/2017,03/06/2018,
Compiègne,"2,8263171","49,4179497",Oise,60,Nord-Pas-de-Calais-Picardie,159,60159,NA,Philippe MARINI,UMP,40200,27,2,,*une a deux fois par semaine*,,,12/10/2017,03/06/2018,
Saint-Germain-en-Laye,"2,0942792","48,8990413",Yvelines,78,Ile-de-France,551,78551,NA,Emmanuel LAMY,UMP,39980,21,7,,,,,18/10/2017,18/05/2018,http://www.yvelines.gouv.fr/content/download/13945/89055/file/RAA%20N%20°%20125%20du%2018%20octobre%202017.pdf
Melun,"2,6608169","48,539927",Seine-et-Marne,77,Ile-de-France,288,77288,NA,Louis VOGEL,UMP,39914,32,8,,59,,,23/07/2017,03/06/2018,
Alès,"4,0852818","44,1253665",Gard,30,Languedoc-Roussillon-Midi-Pyrénées,007,30007,NA,Max ROUSTAN,UMP,39535,43,8,,,,,27/06/2017,03/06/2018,
Marcq-en-Baroeul,"3,1043032","50,6767018",Nord,59,Nord-Pas-de-Calais-Picardie,378,59378,NA,Bernard GERARD,UMP,39298,18,3,,,,,21/04/2017,03/06/2018,
Chartres,"1,4866387","48,4470039",Eure-et-Loir,28,Centre-Val de Loire,085,28085,NA,Jean-Pierre GORGES,UMP,38875,24,6,,,,,07/12/2017,03/06/2018,http://eure-et-loir.gouv.fr/content/download/23542/157709/file/Arrêté%20chartres.pdf
Anglet,"-1,5149935","43,4813927",Pyrénées-Atlantiques,64,Aquitaine-Limousin-Poitou-Charentes,024,64024,NA,Claude OLIVE,UMP,38724,10,8,,,,,13/03/2018,03/06/2018,
Saint-Martin-d'Hères,"5,7658365","45,1785901",Isère,38,Auvergne-Rhône-Alpes,421,38421,NA,David QUEIROS,COM,38479,14,4,,,,,12/07/2017,12/05/2018,
Pontault-Combault,"2,61431","48,7884",Seine-et-Marne,77,Ile-de-France,373,77373,NA,Monique DELESSARD,SOC,38370,13,19,,,,,31/08/2017,03/06/2018,
Saint-Joseph,"55,6190645","-21,3789306",La Réunion,974,La Réunion,12,97412,NA,Patrick LEBRETON,SOC,37608,6,2,"382,00 €",,,,20/06/2017,03/06/2018,
Poissy,"2,0428293","48,927439",Yvelines,78,Ile-de-France,498,78498,NA,Karl OLIVE,UMP,37093,44,15,"1 825,00 €",,,,11/04/2017,11/04/2018,http://www.yvelines.gouv.fr/content/download/13741/87832/file/RAA%20N%20°%20105%20du%2014%20septembre%202017.pdf
Savigny-sur-Orge,"2,3482788","48,6842593",Essonne,91,Ile-de-France,589,91589,NA,Eric MEHLHORN,UMP,36262,5,5,,,,,16/03/2017,03/06/2018,
La Ciotat,"5,6062495","43,1758591",Bouches-du-Rhône,13,Provence-Alpes-Côte d'Azur,028,13028,NA,Patrick BORE,UMP,35580,30,12,"2 928,00 €",,,,06/03/2017,06/06/2018,
Creil,"2,4737043","49,2635045",Oise,60,Nord-Pas-de-Calais-Picardie,175,60175,NA,Jean-Claude VILLEMAIN,SOC,35575,12,15,,*pas d'expérimentation*,,,12/10/2017,03/06/2018,
Saint-Raphaël,"6,7694244","43,4255303",Var,83,Provence-Alpes-Côte d'Azur,118,83118,NA,Jordi Dit Georges GINESTA,UMP,35296,54,25,"3 938,00 €",*ne souhaite pas communiquer*,,,29/03/2017,03/06/2018,
Annemasse,"6,2341093","46,1934005",Haute-Savoie,74,Auvergne-Rhône-Alpes,012,74012,NA,Christian DUPESSEY,SOC,35234,24,10,,,,,26/09/17,03/06/2018,
Saint-Chamond,"4,5098046","45,4748298",Loire,42,Auvergne-Rhône-Alpes,207,42207,NA,Hervé REYNAUD,DVD,34870,17,5,,,,,17/05/2017,03/06/2018,
Roanne,"4,0738682","46,0363902",Loire,42,Auvergne-Rhône-Alpes,187,42187,NA,Yves NICOLIN,UMP,34831,18,10,,,,,15/02/2017,03/06/2018,
Nevers,"3,1591285","46,9945997",Nièvre,58,Bourgogne-Franche-Comté,194,58194,NA,Denis THURIOT,DVG,34228,13,1,,,,,14/05/2018,03/06/2018,
Le Perreux-sur-Marne,"2,5077111","48,840627",Val-de-Marne,94,Ile-de-France,058,94058,NA,Christel ROYER,UMP,33970,16,3,"600,00 €",,,,10/04/2017,03/06/2018,
Romans-sur-Isère,"5,0528681","45,0458886",Drôme,26,Auvergne-Rhône-Alpes,281,26281,NA,Marie-Hélène THORAVAL,UMP,33465,31,8,"1 480,00 €",,,,15/06/2017,15/06/2018,
Montigny-le-Bretonneux,"2,0381228","48,7698937",Yvelines,78,Ile-de-France,423,78423,NA,Michel LAUGIER,DVD,33123,19,6,"1 095,00 €",,,,11/04/2017,11/04/2018,http://www.yvelines.gouv.fr/content/download/12598/81441/file/RAA%20N%20°%2035%20du%2013%20avril%202017.pdf
Palaiseau,"2,2468567","48,7170283",Essonne,91,Ile-de-France,477,91477,NA,Grégoire DE LASTEYRIE,UMP,33114,9,2,,,,,16/05/2017,03/06/2018,
Athis-Mons,"2,3890941","48,7079028",Essonne,91,Ile-de-France,027,91027,NA,Christine RODIER,UMP,32792,8,6,,,,,25/08/2017,03/06/2018,
Trappes,"1,9988356","48,7760957",Yvelines,78,Ile-de-France,621,78621,NA,Guy MALANDAIN,SOC,32346,8,8,"1 600,00 €",,,,11/04/2017,11/04/2018,http://www.yvelines.gouv.fr/content/download/12598/81441/file/RAA%20N%20°%2035%20du%2013%20avril%202017.pdf
Les Mureaux,"1,9090697","48,9958047",Yvelines,78,Ile-de-France,440,78440,NA,François GARAY,DVG,32048,17,8,"1 053,00 €",,,,08/09/2017,08/05/2018,http://www.yvelines.gouv.fr/content/download/13741/87832/file/RAA%20N%20°%20105%20du%2014%20septembre%202017.pdf
Dreux,"1,3708971","48,7360474",Eure-et-Loir,28,Centre-Val de Loire,134,28134,NA,Gérard HAMEL,UMP,30836,14,2,,,,,,,http://eure-et-loir.gouv.fr/content/download/23543/157713/file/Arrêté%20Dreux.pdf
L'Haÿ-les-Roses,"2,3369786","48,7776577",Val-de-Marne,94,Ile-de-France,038,94038,NA,Vincent JEANBRUN,UMP,30736,9,8,"800,00 €",,,,22/03/2017,03/06/2018,
Charenton-le-Pont,"2,40707","48,8219",Val-de-Marne,94,Ile-de-France,018,94018,NA,Hervé GICQUEL,UMP,30722,17,2,,,,,02/07/2017,03/06/2018,
Rillieux-la-Pape,"4,8994366","45,823514",Rhône,69,Auvergne-Rhône-Alpes,286,69286,NA,Alexandre VINCENDET,UMP,30375,23,10,,,,,10/03/2017,03/06/2018,
Yerres,"2,4879753","48,716811",Essonne,91,Ile-de-France,691,91691,NA,Nicolas DUPONT-AIGNAN,DVD,28921,17,6,,,,,22/02/2017,03/06/2018,
Le Chesnay,"2,1319603","48,8278506",Yvelines,78,Ile-de-France,158,78158,NA,Philippe BRILLAULT,UMP,28512,10,4,,,,,08/09/2017,08/05/2018,http://www.yvelines.gouv.fr/content/download/13741/87832/file/RAA%20N%20°%20105%20du%2014%20septembre%202017.pdf
Villiers-sur-Marne,"2,5406696","48,8262055",Val-de-Marne,94,Ile-de-France,079,94079,NA,Jacques-Alain BENISTI,UMP,28511,12,12,"2 088,00 €",,,,10/04/2017,03/06/2018,
Saint-Étienne-du-Rouvray,"1,09163","49,3831",Seine-Maritime,76,Normandie,575,76575,NA,Hubert WULFRANC,COM,28468,11,6,,,,,23/01/2018,03/06/2018,
Herblay,"2,1481799","49,0045001",Val-d'Oise,95,Ile-de-France,306,95306,NA,Philippe ROULEAU,UMP,28341,13,6,,,,,09/05/2017,03/06/2018,
Bois-Colombes,"2,2674892","48,9148269",Hauts-de-Seine,92,Ile-de-France,009,92009,NA,Yves REVILLON,UMP,28043,23,8,,,,,12/05/2017,03/06/2018,
Libourne,"-0,2427217","44,9133742",Gironde,33,Aquitaine-Limousin-Poitou-Charentes,243,33243,NA,Philippe BUISSON,SOC,24866,12,12,"1 908,00 €","*des centaines de fois""",Optovison (caméras) et Oasis IT (serveur et logiciel),Environ 4600 euros pour les caméras et environ 4000 euros pour serveur et logiciel.,10/02/2017,03/06/2018,
Décines-Charpieu,"4,9633314","45,773606",Rhône,69,Auvergne-Rhône-Alpes,275,69275,NA,Laurence FAUTRA,UMP,27362,18,10,,,,,30/03/2017,03/06/2018,
Agde,"3,4718381","43,3126647",Hérault,34,Languedoc-Roussillon-Midi-Pyrénées,003,34003,NA,Gilles D'ETTORE,UMP,26946,51,8,,,,,17/02/2017,03/06/2018,
Cavaillon,"5,0383522","43,8356808",Vaucluse,84,Provence-Alpes-Côte d'Azur,035,84035,NA,Jean-Claude BOUCHET,UMP,26707,34,34,,,,,18/04/2017,03/06/2018,
Oullins,"4,80271","45,7157",Rhône,69,Auvergne-Rhône-Alpes,149,69149,NA,François-Noël BUFFET,UMP,26428,10,2,,,,,19/04/2017,03/06/2018,
Hénin-Beaumont,"2,9475398","50,4214047",Pas-de-Calais,62,Nord-Pas-de-Calais-Picardie,427,62427,NA,Steeve BRIOIS,FN,26379,18,11,"2 000,00 €",,,,NC,NC,
Sucy-en-Brie,"2,5221284","48,7711323",Val-de-Marne,94,Ile-de-France,071,94071,NA,Marie-Carole CIUNTU,UMP,26264,10,5,,,,,22/08/2017,03/06/2018,
CC Faucigny-Glières,"6,4086189","46,0775797",Haute-Savoie,74,Auvergne-Rhône-Alpes,NA,200000172,200000172,Stéphane VALLI,UMP,26234,7,2,,,,,13/03/18,03/06/2018,
Brétigny-sur-Orge,"2,3051753","48,6079758",Essonne,91,Ile-de-France,103,91103,NA,Nicolas MEARY,UDI,26215,6,3,,,,,24/04/2017,03/06/2018,
Brunoy,"2,5044613","48,6979312",Essonne,91,Ile-de-France,114,91114,NA,Bruno GALLIER,UMP,26077,6,4,,,,,22/05/2017,03/06/2018,
Sens,"3,282606","48,1978559",Yonne,89,Bourgogne-Franche-Comté,387,89387,NA,Marie-Louise FORT,UMP,25784,10,11,,,,,09/01/2018,09/06/2018,
CC du Pont du Gard,"4,5703458","43,9400074",Gard,30,Languedoc-Roussillon-Midi-Pyrénées,NA,243000684,243000684,Claude MARTINET,DVD,25775,12,2,,,,,19/02/2018,03/06/2018,
Le Grand-Quevilly,"1,0507926","49,4068986",Seine-Maritime,76,Normandie,322,76322,NA,Marc MASSION,SOC,25652,13,13,,,,,28/09/2017,03/06/2018,
Élancourt,"1,949352","48,7681182",Yvelines,78,Ile-de-France,208,78208,NA,Jean-Michel FOURGOUS,UMP,25504,17,5,"1 000,00 €",,,,18/10/2017,18/05/2018,http://www.yvelines.gouv.fr/content/download/13945/89055/file/RAA%20N%20°%20125%20du%2018%20octobre%202017.pdf
Montbéliard,"6,7977564","47,5102368",Doubs,25,Bourgogne-Franche-Comté,388,25388,NA,Marie-Noëlle BIGUINET,UMP,25336,12,2,,,,,14/04/2017,03/06/2018,
La Garde,"6,0128532","43,1249185",Var,83,Provence-Alpes-Côte d'Azur,062,83062,NA,Jean-Louis MASSON,UMP,25047,21,4,,,,,26/04/2017,03/06/2018,
Saint-Mandé,"2,4172278","48,8419182",Val-de-Marne,94,Ile-de-France,067,94067,NA,Patrick BEAUDOUIN,UMP,22401,25,25,"4 875,00 €",6,Sentinel,"7 875,00 €",18/04/2017,03/06/2018,
Fontenay-aux-Roses,"2,2870373","48,7911052",Hauts-de-Seine,92,Ile-de-France,032,92032,NA,Laurent VASTEL,DVD,23963,9,3,,,,,12/06/2017,03/06/2018,
CC du Sud Territoire,"6,9977521","47,5075682",Territoire de Belfort,90,Bourgogne-Franche-Comté,NA,249000241,249000241,Christian RAYOT,DIV,23688,7,3,,,,,01/07/2017,03/06/2018,
Torcy,"2,65265","48,8515",Seine-et-Marne,77,Ile-de-France,468,77468,NA,Guillaume LE LAY-FELZINE,SOC,23558,13,6,,,,,22/01/2018,03/06/2018,
Abbeville,"1,8337029","50,1060835",Somme,80,Nord-Pas-de-Calais-Picardie,001,80001,NA,Nicolas DUMONT,SOC,23278,11,3,"573,00 €",,,,10/07/2017,03/06/2018,
CC du Sor et de l'Agout,"2,1832358","43,581767",Tarn,81,Languedoc-Roussillon-Midi-Pyrénées,NA,248100158,248100158,Sylvain FERNANDEZ,DIV,22728,1,1,,,,,04/08/2017,03/06/2018,
Fontaine,"5,6869624","45,1950183",Isère,38,Auvergne-Rhône-Alpes,169,38169,NA,Jean-Paul TROVERO,COM,22516,8,3,,,,,25/07/2017,25/05/2018,
Hérouville-Saint-Clair,"-0,3353513","49,2031097",Calvados,14,Normandie,327,14327,NA,Rodolphe THOMAS,MDM,22460,11,6,"1 095,00 €",,,,23/03/2017,03/06/2018,
Royan,"-1,0287636","45,6245332",Charente-Maritime,17,Aquitaine-Limousin-Poitou-Charentes,306,17306,NA,Didier QUENTIN,UMP,18393,21,5,"1 000,00 €",*non-communiqué*,Sentinel,460€ par caméra,08/03/2017,03/06/2018,
Mandelieu-la-Napoule,"6,9359135","43,5439153",Alpes-Maritimes,06,Provence-Alpes-Côte d'Azur,079,06079,NA,Henri LEROY,UMP,22360,41,6,"2 000,00 €",,,,22/09/2017,03/06/2018,
Lormont,"-0,5216683","44,8791708",Gironde,33,Aquitaine-Limousin-Poitou-Charentes,249,33249,NA,Jean TOUZEAU,SOC,22131,4,6,,,,,14/12/2017,03/06/2018,
Sainte-Foy-lès-Lyon,"4,7934767","45,7362255",Rhône,69,Auvergne-Rhône-Alpes,202,69202,NA,Véronique SARSELLI,UMP,21978,7,3,,,,,19/06/2017,03/06/2018,
Tassin-la-Demi-Lune,"4,7657747","45,7598386",Rhône,69,Auvergne-Rhône-Alpes,244,69244,NA,Pascal CHARMOT,UMP,21793,12,2,,,,,26/09/2017,03/06/2018,
Manosque,"5,7826657","43,8338026",Alpes-de-Haute-Provence,04,Provence-Alpes-Côte d'Azur,112,04112,NA,Bernard JEANMET-PERALTA,UMP,21754,21,12,,,,,26/04/2017,03/06/2018,
Longjumeau,"2,2973253","48,6966578",Essonne,91,Ile-de-France,345,91345,NA,Sandrine GELOT,UMP,21724,9,3,"573,00 €",,,,22/02/2017,03/06/2018,
La Madeleine,"3,0678164","50,6565418",Nord,59,Nord-Pas-de-Calais-Picardie,368,59368,NA,Sébastien LEPRETRE,UMP,21533,14,4,"800,00 €",,,,18/05/2017,03/06/2018,
Loos,"3,0162523","50,6092082",Nord,59,Nord-Pas-de-Calais-Picardie,360,59360,NA,Anne VOITURIEZ,DVD,21442,12,10,"1 825,00 €",,,,30/03/2017,03/06/2018,
Montigny-lès-Metz,"6,153041","49,0999832",Moselle,57,Alsace-Champagne-Ardenne-Lorraine,480,57480,NA,Jean-Luc BOHL,UDI,21430,10,11,"1 914,00 €",,,,27/04/2017,03/06/2018,
Croix,"3,1521074","50,6783122",Nord,59,Nord-Pas-de-Calais-Picardie,163,59163,NA,Régis CAUCHE,UMP,21239,10,3,"573,00 €",,,,31/03/2017,03/06/2018,
Fleury-les-Aubrais,"1,9223668","47,942907",Loiret,45,Centre-Val de Loire,147,45147,NA,Marie-Agnès LINGUET,DVD,21089,11,7,,,,,17/01/2018,03/06/2018,
Mons-en-Baroeul,"3,1093516","50,6428547",Nord,59,Nord-Pas-de-Calais-Picardie,410,59410,NA,Rudy ELEGEEST,DVG,20993,18,4,"760,00 €",,,,24/04/2017,31/05/2018,
Bourg-la-Reine,"2,316085","48,7795178",Hauts-de-Seine,92,Ile-de-France,014,92014,NA,Patrick DONATH,UDI,20249,8,3,,*ne souhaite pas communiquer*,,,22/05/2017,03/06/2018,
Pertuis,"5,5032671","43,6951468",Vaucluse,84,Provence-Alpes-Côte d'Azur,089,84089,NA,Roger PELLENC,DVD,19645,14,4,,,,,10/07/2017,03/06/2018,
Nogent-sur-Oise,"2,4663799","49,2775001",Oise,60,Nord-Pas-de-Calais-Picardie,463,60463,NA,Jean-François DARDENNE,SOC,19414,10,4,"400,00 €",,,,18/05/2017,03/06/2018,
Givors,"4,7696529","45,5844238",Rhône,69,Auvergne-Rhône-Alpes,091,69091,NA,Martial PASSI,COM,19374,4,7,"382,00 €",,,,16/03/2018,03/06/2018,
Albertville,"6,3925417","45,6754622",Savoie,73,Auvergne-Rhône-Alpes,011,73011,NA,Martine BERTHET,DIV,18969,10,9,,,,,13/03/2017,03/06/2018,
Villefontaine,"5,1580574","45,614003",Isère,38,Auvergne-Rhône-Alpes,553,38553,NA,Patrick NICOLE-WILLIAMS,DVD,18891,NA,4,,,,,20/11/2017,20/05/2018,
Montereau-Fault-Yonne,"2,9557006","48,3849647",Seine-et-Marne,77,Ile-de-France,305,77305,NA,Yves JEGO,UDI,18871,18,3,,,,,07/07/2017,03/06/2018,
Joinville-le-Pont,"2,4668077","48,8183717",Val-de-Marne,94,Ile-de-France,042,94042,NA,Olivier DOSNE,UMP,18859,19,10,"1 825,00 €",,,,18/04/2017,03/06/2018,
Autun,"4,2989478","46,9510313",Saône-et-Loire,71,Bourgogne-Franche-Comté,014,71014,NA,Vincent CHAUVET,DVG,13635,3,4,"656,00 €",0,GK,"3 742,98 €",24/03/17,03/06/2018,
Chennevières-sur-Marne,"2,5426621","48,7960018",Val-de-Marne,94,Ile-de-France,019,94019,NA,Jean-Pierre BARNAUD,MDM,18226,9,2,,,,,04/10/2017,03/06/2018,
Saint-Fons,"4,84935","45,7001",Rhône,69,Auvergne-Rhône-Alpes,199,69199,NA,Nathalie FRIER,DVD,18156,26,2,,,,,31/10/2017,03/06/2018,
Verdun,"5,3867277","49,1589278",Meuse,55,Alsace-Champagne-Ardenne-Lorraine,545,55545,NA,Samuel HAZARD,SOC,18139,7,2,,,,,07/06/2017,03/06/2018,
Le Pré-Saint-Gervais,"2,4038609","48,8832223",Seine-Saint-Denis,93,Ile-de-France,061,93061,NA,Gérard COSME,SOC,17680,5,3,,,,,02/08/2017,03/06/2018,
Le Pontet,"4,8602588","43,9621858",Vaucluse,84,Provence-Alpes-Côte d'Azur,092,84092,NA,Joris HEBRARD,FN,17563,18,10,,,,,30/08/2017,03/06/2018,
La Crau,"6,0737053","43,1497034",Var,83,Provence-Alpes-Côte d'Azur,047,83047,NA,Christian SIMON,UMP,17292,17,3,"459,00 €",,,,23/05/2017,03/06/2018,
Meylan,"5,7811983","45,2092471",Isère,38,Auvergne-Rhône-Alpes,229,38229,NA,Damien GUIGUET,UDI,17289,7,2,,,,,19/03/2018,19/05/2018,
Bry-sur-Marne,"2,5216259","48,8394047",Val-de-Marne,94,Ile-de-France,015,94015,NA,Jean-Pierre SPILBAUER,DVD,16594,29,6,,,,,17/07/2017,03/06/2018,
Juvisy-sur-Orge,"2,373809","48,6904063",Essonne,91,Ile-de-France,326,91326,NA,Robin REDA,UMP,16365,7,2,,,,,22/03/2018,03/06/2018,
L'Isle-d'Abeau,"5,2298398","45,6230017",Isère,38,Auvergne-Rhône-Alpes,193,38193,NA,Alain JURADO,DVG,16282,12,4,,,,,24/07/2017,24/05/2018,
Digne-les-Bains,"6,2351431","44,0918144",Alpes-de-Haute-Provence,04,Provence-Alpes-Côte d'Azur,070,04070,NA,Patricia GRANET,DVG,16246,6,6,"1 200,00 €",,,,26/04/2017,03/06/2018,
Sanary-sur-Mer,"5,8008839","43,1177238",Var,83,Provence-Alpes-Côte d'Azur,123,83123,NA,Ferdinand BERNHARD,DVD,16168,5,2,,,,,09/03/2018,03/06/2018,
Carrières-sous-Poissy,"2,0341747","48,9437694",Yvelines,78,Ile-de-France,123,78123,NA,Christophe DELRIEU,DVD,15956,12,4,"764,00 €",,,,22/12/2017,22/05/2018,http://www.yvelines.gouv.fr/content/download/14347/91318/file/RAA%20157%20du%20271217.pdf
Boissy-Saint-Léger,"2,5121047","48,7498882",Val-de-Marne,94,Ile-de-France,004,94004,NA,Régis CHARBONNIER,SOC,15922,6,2,"400,00 €",,,,02/05/2017,03/06/2018,
Saint-Égrève,"5,681781","45,2325079",Isère,38,Auvergne-Rhône-Alpes,382,38382,NA,Catherine KAMOWSKI,MDM,15738,6,4,,,,,15/09/17 et 09/03/18,#VALEUR !,
Noisiel,"2,61732","48,8473",Seine-et-Marne,77,Ile-de-France,337,77337,NA,Daniel VACHEZ,SOC,15627,12,16,,,,,29/08/2017,03/06/2018,
Châteaurenard,"4,85568","43,8820448",Bouches-du-Rhône,13,Provence-Alpes-Côte d'Azur,027,13027,NA,Marcel MARTEL,UMP,15624,11,8,,,,,20/03/2017,20/05/2018,
La Flèche,"-0,0746149","47,6968408",Sarthe,72,Pays de la Loire,154,72154,NA,Guy-Michel CHAUVEAU,DVG,15185,3,3,,,,,28/08/2017,03/06/2018,
Rive-de-Gier,"4,6187386","45,5288401",Loire,42,Auvergne-Rhône-Alpes,186,42186,NA,Jean-Claude CHARVIN,DVD,15182,6,4,,,,,28/04/2017,03/06/2018,
Coulommiers,"3,0848082","48,8094622",Seine-et-Marne,77,Ile-de-France,131,77131,NA,Ginette MOTOT,UMP,15116,8,1,,,,,07/07/2017,03/06/2018,
Crépy-en-Valois,"2,8861669","49,2320959",Oise,60,Nord-Pas-de-Calais-Picardie,176,60176,NA,Bruno FORTIER,DIV,15049,19,2,,,,,18/05/2017,03/06/2018,
Fontainebleau,"2,7015872","48,4049375",Seine-et-Marne,77,Ile-de-France,186,77186,NA,Frédéric VALLETOUX,DVD,14974,9,3,,,,,22/02/2018,03/06/2018,
Morlaix,"-3,8331972","48,5824932",Finistère,29,Bretagne,151,29151,NA,Agnès LE BRUN,UMP,14830,4,2,,,,,09/04/2018,09/06/2018,
Illzach,"7,3486211","47,7830669",Haut-Rhin,68,Alsace-Champagne-Ardenne-Lorraine,154,68154,NA,Jean-Luc SCHILDKNECHT,DVD,14626,6,2,,,,,25/09/2017,03/06/2018,
Le Raincy,"2,5155626","48,8986666",Seine-Saint-Denis,93,Ile-de-France,062,93062,NA,Jean-Michel GENESTIER,DVD,14411,6,4,,,,,01/12/2017,03/06/2018,
Francheville,"4,7647304","45,735748",Rhône,69,Auvergne-Rhône-Alpes,089,69089,NA,Michel RANTONNET,UMP,14361,3,2,,,,,19/04/2017,03/06/2018,
Sainte-Maxime,"6,637714","43,30871",Var,83,Provence-Alpes-Côte d'Azur,115,83115,NA,Vincent MORISSE,UMP,14289,39,8,,,,,24/08/2017,03/06/2018,
Arnouville,"2,4187992","48,9850039",Val-d'Oise,95,Ile-de-France,019,95019,NA,Pascal DOLL,DVD,14178,6,3,,,,,23/05/2017,03/06/2018,
Audincourt,"6,8413684","47,4819786",Doubs,25,Bourgogne-Franche-Comté,031,25031,NA,Marie-Claude GALLARD,SOC,14121,5,4,,,,,22/02/2017,03/06/2018,
Chenôve,"5,00308","47,2932",Côte-d'Or,21,Bourgogne-Franche-Comté,166,21166,NA,Thierry FALCONNET,SOC,13962,5,2,,,,,12/12/2017,03/06/2018,
Mennecy,"2,4347044","48,5666645",Essonne,91,Ile-de-France,386,91386,NA,Jean-Philippe DUGOIN-CLEMENT,UDI,13959,8,3,,,,,22/02/2017,03/06/2018,
Noyon,"2,9985706","49,5814022",Oise,60,Nord-Pas-de-Calais-Picardie,471,60471,NA,Patrick DEGUISE,SOC,13883,17,4,,,,,20/12/2017,03/06/2018,
Auray,"-2,9867031","47,6660041",Morbihan,56,Bretagne,007,56007,NA,Jean-Claude DUMOULIN,UDI,13746,6,2,,,,,16/06/2017,03/06/2018,
Saint-Martin-de-Crau,"4,8102927","43,6384247",Bouches-du-Rhône,13,Provence-Alpes-Côte d'Azur,097,13097,NA,Dominique TEIXIER,DVG,13673,13,6,"1 098,00 €",,,,31/03/2017,31/05/2018,
Billère,"-0,3905556","43,3030044",Pyrénées-Atlantiques,64,Aquitaine-Limousin-Poitou-Charentes,129,64129,NA,Jean-Yves LALANNE,SOC,13134,4,2,,*une quinzaine de fois*,YouTransactor,,26/04/2017,03/06/2018,
Beausoleil,"7,4219677","43,748281",Alpes-Maritimes,06,Provence-Alpes-Côte d'Azur,012,06012,NA,Gérard SPINELLI,DIV,13625,17,5,"955,00 €",,,,15/12/2017,03/06/2018,http://www.alpes-maritimes.gouv.fr/content/download/22646/196732/file/Recueil%20special%20215.2017.pdf
Bollène,"4,7484092","44,2803882",Vaucluse,84,Provence-Alpes-Côte d'Azur,019,84019,NA,Marie-Claude BOMPARD,EXD,13617,32,10,,,,,23/03/2017,03/06/2018,
Woippy,"6,1519224","49,1515848",Moselle,57,Alsace-Champagne-Ardenne-Lorraine,751,57751,NA,François GROSDIDIER,UMP,13608,19,5,,,,,03/04/2017,03/06/2018,
Craponne,"4,7231057","45,743476",Rhône,69,Auvergne-Rhône-Alpes,069,69069,NA,Alain GALLIANO,DVD,10979,3,4,,*dizaine de fois*,,,14/04/2017,03/06/2018,
Vaires-sur-Marne,"2,6398292","48,8732841",Seine-et-Marne,77,Ile-de-France,479,77479,NA,Jean-Pierre NOYELLES,UMP,13579,11,5,,,,,23/10/2017,03/06/2018,
Avrillé,"-0,5956539","47,5045657",Maine-et-Loire,49,Pays de la Loire,015,49015,NA,Marc LAFFINEUR,UMP,13518,6,4,"758,00 €",,,,01/06/2017,06/06/2018,
Lamballe,"-2,516694196","48,46244615",Côtes-d'Armor,22,Bretagne,093,22093,NA,Loïc CAURET,SOC,13465,4,2,"382,00 €",,,,13/09/2017,13/05/2018,
Ollioules,"5,8483538","43,1397205",Var,83,Provence-Alpes-Côte d'Azur,090,83090,NA,Robert BENEVENTI,UMP,13365,7,2,,,,,26/06/2017,03/06/2018,
Courcouronnes,"2,41381","48,621",Essonne,91,Ile-de-France,182,91182,NA,Stéphane BEAUDET,UMP,13344,10,1,,*quelques fois*,,"485,00 €",22/02/2017,03/06/2018,
Kingersheim,"7,3386856","47,7923002",Haut-Rhin,68,Alsace-Champagne-Ardenne-Lorraine,166,68166,NA,Jo SPIEGEL,DVG,13143,5,1,,,,,29/08/2017,03/06/2018,
Belley,"5,6861466","45,760758",Ain,01,Auvergne-Rhône-Alpes,034,01034,NA,Pierre BERTHET,DVD,9058,5,2,,77,,,05/09/2017,03/06/2018,http://www.ain.gouv.fr/IMG/pdf/01-2018-009-recueil-des-actes-administratifs.pdf
Vitry-le-François,"4,5851622","48,7262225",Marne,51,Alsace-Champagne-Ardenne-Lorraine,649,51649,NA,Jean-Pierre BOUQUET,SOC,12805,7,5,,,,,27/02/2017,03/06/2018,http://www.marne.gouv.fr/content/download/13972/96502/file/Recueil%203-2017%20du%202%20mars%20(p1%20à%2026).pdf
Nérac,"0,3392503","44,1353979",Lot-et-Garonne,47,Aquitaine-Limousin-Poitou-Charentes,195,47195,NA,Nicolas LACOMBE,SOC,6969,2,3,,*non-communiqué*,,,12/04/2018,03/06/2018,
Pont-Sainte-Maxence,"2,6045838","49,3012483",Oise,60,Nord-Pas-de-Calais-Picardie,509,60509,NA,Arnaud DUMONTIER,UMP,12601,12,2,,,,,18/05/2017,03/06/2018,
Harnes,"2,9068246","50,44741",Pas-de-Calais,62,Nord-Pas-de-Calais-Picardie,413,62413,NA,Philippe DUQUESNOY,SOC,12595,7,8,,,,,NC,NC,
Comines,"3,0090781","50,7630973",Nord,59,Nord-Pas-de-Calais-Picardie,152,59152,NA,Alain DETOURNAY,UMP,12420,5,3,,,,,06/07/2017,03/06/2018,
Cogolin,"6,53659","43,25",Var,83,Provence-Alpes-Côte d'Azur,042,83042,NA,Marc Étienne LANSADE,FN,12387,25,3,,,,,13/04/2017,03/06/2018,
Carros,"7,18785","43,7846",Alpes-Maritimes,06,Provence-Alpes-Côte d'Azur,033,06033,NA,Charles SCIBETTA,DVG,12008,17,3,,,,,26/07/2017,03/06/2018,
Thiers,"3,5489707","45,855795",Puy-de-Dôme,63,Auvergne-Rhône-Alpes,430,63430,NA,Claude NOWOTNY,COM,11805,8,2,"327,00 €",,,,27/04/2017,27/05/2018,
Marly,"3,5514","50,3449",Nord,59,Nord-Pas-de-Calais-Picardie,383,59383,NA,Fabien THIEME,COM,11590,5,2,,,,,11/01/2018,03/06/2018,
Chevigny-Saint-Sauveur,"5,1382218","47,2977106",Côte-d'Or,21,Bourgogne-Franche-Comté,171,21171,NA,Michel ROTGER,UMP,11574,2,2,,,,,27/03/2018,03/06/2018,
Gaillard,"6,2112284","46,1837963",Haute-Savoie,74,Auvergne-Rhône-Alpes,133,74133,NA,Jean-Paul BOSLAND,DVD,11572,11,4,,,,,19/09/17,03/06/2018,
Aubergenville,"1,8554319","48,9591392",Yvelines,78,Ile-de-France,029,78029,NA,Thierry MONTANGERAND,UMP,11557,13,6,"984,00 €",,,,08/09/2017,08/05/2018,http://www.yvelines.gouv.fr/content/download/13741/87832/file/RAA%20N%20°%20105%20du%2014%20septembre%202017.pdf
Enghien-les-Bains,"2,3068482","48,9699732",Val-d'Oise,95,Ile-de-France,210,95210,NA,Philippe SUEUR,UMP,11413,24,4,,,,,09/06/2017,03/06/2018,
Vidauban,"6,4314327","43,4273183",Var,83,Provence-Alpes-Côte d'Azur,148,83148,NA,Claude PIANETTI,UMP,11391,15,3,,,,,12/05/2017,03/06/2018,
Saverne,"7,3625953","48,7419909",Bas-Rhin,67,Alsace-Champagne-Ardenne-Lorraine,437,67437,NA,Stéphane LEYENBERGER,UMP,11238,4,2,,,,,12/07/2017,03/06/2018,
Vaux-le-Pénil,"2,6796461","48,5274621",Seine-et-Marne,77,Ile-de-France,487,77487,NA,Pierre HERRERO,DVG,11039,5,4,,,,,09/03/2018,03/06/2018,
Maromme,"1,0308208","49,476737",Seine-Maritime,76,Normandie,410,76410,NA,David LAMIRAY,SOC,11023,4,2,,,,,11/09/2017,03/06/2018,
Courtry,"2,60248","48,9158",Seine-et-Marne,77,Ile-de-France,139,77139,NA,Xavier VANDERBISE,UMP,6668,9,2,,*pas d'expérimentation*,pas de commande,,24/05/2018,03/06/2018,
Erstein,"7,6632641","48,4227385",Bas-Rhin,67,Alsace-Champagne-Ardenne-Lorraine,130,67130,NA,Jean-Marc WILLER,DVG,10969,7,4,,,,,12/07/2017,03/06/2018,
Guilherand-Granges,"4,8708275","44,932545",Ardèche,07,Auvergne-Rhône-Alpes,102,07102,NA,Mathieu DARNAUD,UMP,10862,6,2,,,,,13/03/2017,03/06/2018,
Cuers,"6,072772","43,2372099",Var,83,Provence-Alpes-Côte d'Azur,049,83049,NA,Gilbert PERUGINI,UMP,10832,6,3,,,,,15/01/2018,03/06/2018,
Lavaur,"1,815187","43,6989332",Tarn,81,Languedoc-Roussillon-Midi-Pyrénées,140,81140,NA,Bernard CARAYON,UMP,10699,6,5,,,,,14/12/2017,03/06/2018,
Auchel,"2,4682059","50,5037492",Pas-de-Calais,62,Nord-Pas-de-Calais-Picardie,048,62048,NA,Richard JARRETT,DVD,10574,1,1,"191,00 €",,,,NC,NC,
Dugny,"2,414733","48,9538155",Seine-Saint-Denis,93,Ile-de-France,030,93030,NA,André VEYSSIERE,UMP,10505,3,3,,,,,09/10/2017,03/06/2018,
Villebon-sur-Yvette,"2,2276489","48,7000046",Essonne,91,Ile-de-France,661,91661,NA,Dominique FONTENAILLE,DIV,10455,6,6,,,,,16/05/2017,03/06/2018,
Marquette-lez-Lille,"3,0647175","50,6760968",Nord,59,Nord-Pas-de-Calais-Picardie,386,59386,NA,Jean DELEBARRE,DVD,10420,3,3,"573,00 €",,,,24/04/2017,03/06/2018,
Déville-lès-Rouen,"1,0495889","49,4695338",Seine-Maritime,76,Normandie,216,76216,NA,Dominique GAMBIER,SOC,10364,3,3,,,,,05/10/2017,03/06/2018,
Saint-Rémy-de-Provence et Mas-Blanc-des-Alpilles,"5,3323976","43,54611",Bouches-du-Rhône,13,Provence-Alpes-Côte d'Azur,NA,NA,NA,Hervé CHERUBINI,SOC,10293,12,5,,,,,22/02/2017,22/07/2018,
Saint-Germain-lès-Arpajon,"2,2630842","48,5994996",Essonne,91,Ile-de-France,552,91552,NA,Norbert SANTIN,DVG,10282,3,4,"784,00 €",,,,12/05/2017,03/06/2018,
Eybens,"5,74812","45,1524",Isère,38,Auvergne-Rhône-Alpes,158,38158,NA,Francie MEGEVAND,DVG,10259,7,2,,,,,15/09/2017,15/05/2018,
Pierre-Bénite,"4,8241323","45,7028321",Rhône,69,Auvergne-Rhône-Alpes,152,69152,NA,Jérôme MOROGE,UMP,10257,8,3,"573,00 €",,,,26/09/2017,03/06/2018,
Le Pradet,"6,0223774","43,1037608",Var,83,Provence-Alpes-Côte d'Azur,098,83098,NA,Hervé STASSINOS,UMP,10217,7,2,,,,,02/06/2017,03/06/2018,
Vieux-Condé,"3,5675784","50,4724228",Nord,59,Nord-Pas-de-Calais-Picardie,616,59616,NA,Guy BUSTIN,DVG,10206,3,3,"600,00 €",,,,30/05/2017,03/06/2018,
La Londe-les-Maures,"6,2355346","43,1381313",Var,83,Provence-Alpes-Côte d'Azur,071,83071,NA,François DE CANSON,UMP,10173,9,9,,,,,27/04/2017,03/06/2018,
Chambly,"2,2444986","49,1662774",Oise,60,Nord-Pas-de-Calais-Picardie,139,60139,NA,David LAZARUS,SOC,10034,3,3,,,,,12/10/2017,03/06/2018,
Aubière,"3,1144195","45,7512575",Puy-de-Dôme,63,Auvergne-Rhône-Alpes,014,63014,NA,Christian SINSARD,COM,10012,4,1,,,,,09/06/2017,09/06/2018,
Dinard,"-2,0584211","48,6251435",Ille-et-Vilaine,35,Bretagne,093,35093,NA,Jean-Claude MAHE,DVD,9936,17,3,,,,,04/07/2017,03/06/2018,
Castelginest,"1,4281537","43,6929231",Haute-Garonne,31,Languedoc-Roussillon-Midi-Pyrénées,116,31116,NA,Grégoire CARNEIRO,UMP,9917,9,9,,,,,05/10/2017,05/06/2018,
Brumath,"7,708107","48,7309406",Bas-Rhin,67,Alsace-Champagne-Ardenne-Lorraine,067,67067,NA,Etienne WOLF,UMP,9840,4,4,,,,,03/11/2017,03/06/2018,
Saint-Claude,"5,8641501","46,3877989",Jura,39,Bourgogne-Franche-Comté,478,39478,NA,Jean-Louis MILLET,DVD,9732,7,8,"1 400,00 €",,Axon,,23/02/2017,03/06/2018,
Beaumont-sur-Oise,"2,2863808","49,1426376",Val-d'Oise,95,Ile-de-France,052,95052,NA,Nathalie GROUX,DVD,9699,7,4,,,,,15/06/2017,03/06/2018,
Quetigny,"5,1162694","47,3125861",Côte-d'Or,21,Bourgogne-Franche-Comté,515,21515,NA,Rémi DETANG,SOC,9651,4,4,"764,00 €",,,,19/07/2017,03/06/2018,
Oignies,"2,99387","50,4643",Pas-de-Calais,62,Nord-Pas-de-Calais-Picardie,637,62637,NA,Jean-Pierre CORBISEZ,SOC,9632,4,4,"800,00 €",,,,NC,NC,
Villeneuve-lès-Maguelone,"3,8627227","43,5328117",Hérault,34,Languedoc-Roussillon-Midi-Pyrénées,337,34337,NA,Noël SEGURA,DVG,9625,7,6,,,,,16/02/2017,03/06/2018,
Loudéac,"-2,7513777","48,1768988",Côtes-d'Armor,22,Bretagne,136,22136,NA,Bruno LE BESCAUT,DVG,9615,5,2,"382,00 €",,,,27/06/2017,27/05/2018,
Grigny,"4,7881958","45,6099696",Rhône,69,Auvergne-Rhône-Alpes,096,69096,NA,Xavier ODO,DVD,9567,3,2,"382,00 €",,,,31/10/2017,03/06/2018,
Mouans-Sartoux,"6,9703991","43,6203852",Alpes-Maritimes,06,Provence-Alpes-Côte d'Azur,084,06084,NA,Pierre ASCHIERI,DIV,9510,13,4,"800,00 €",,,,21/04/2017,03/06/2018,
Jarville-la-Malgrange,"6,2023462","48,6735375",Meurthe-et-Moselle,54,Alsace-Champagne-Ardenne-Lorraine,274,54274,NA,Jean-Pierre HURPEAU,DVD,9273,2,2,,,,,24/04/2017,03/06/2018,
Pithiviers,"2,2544871","48,1738051",Loiret,45,Centre-Val de Loire,252,45252,NA,Philippe NOLLAND,UMP,9100,9,3,,,,,18/07/2017,03/06/2018,
Crosne,"2,4645591","48,72046",Essonne,91,Ile-de-France,191,91191,NA,Michaël DAMIATI,DVD,9079,7,1,,,,,13/06/2017,03/06/2018,
Gignac-la-Nerthe,"5,2329106","43,3887665",Bouches-du-Rhône,13,Provence-Alpes-Côte d'Azur,043,13043,NA,Christian AMIRATY,SOC,9063,11,5,,,,,23/10/2017,23/05/2018,http://www.bouches-du-rhone.gouv.fr/content/download/25039/150710/file/recueil-13-2017-244-recueil-des-actes-administratifs%20du%2024%20octobre%202017.pdf
Marcheprime,"-0,8543538","44,6934559",Gironde,33,Aquitaine-Limousin-Poitou-Charentes,555,33555,NA,Serge BAUDY,RDG,4577,2,2,"382,00 €",*une quinzaine de fois*,Sentinel,Environ 300€ par caméra,02/06/2017,03/06/2018,
Tonneins,"0,3091667","44,3905556",Lot-et-Garonne,47,Aquitaine-Limousin-Poitou-Charentes,310,47310,NA,Dante RINAUDO,DIV,9014,5,2,,,,,20/07/2017,03/06/2018,
Longvic,"5,0574798","47,2841003",Côte-d'Or,21,Bourgogne-Franche-Comté,355,21355,NA,José ALMEIDA,SOC,8981,4,2,"382,00 €",,,,06/04/2017,03/06/2018,
Livron-sur-Drôme,"4,845507","44,7726501",Drôme,26,Auvergne-Rhône-Alpes,165,26165,NA,Olivier BERNARD,UDI,8910,4,2,,,,,18/04/2017,18/05/2018,
Quéven,"-3,4161464","47,788792",Morbihan,56,Bretagne,185,56185,NA,Marc BOUTRUCHE,DVD,8608,1,2,,,,,16/06/2017,03/06/2018,
Libercourt,"2,99905","50,4823",Pas-de-Calais,62,Nord-Pas-de-Calais-Picardie,907,62907,NA,Daniel MACIEJASZ,SOC,8442,3,2,"153,00 €",,,,NC,NC,
Venelles,"5,4804956","43,6003084",Bouches-du-Rhône,13,Provence-Alpes-Côte d'Azur,113,13113,NA,Arnaud MERCIER,UMP,8352,8,3,,,,,29/03/2018,29/05/2018,http://www.bouches-du-rhone.gouv.fr/content/download/26883/161241/file/recueil-13-2018-080-recueil-des-actes-administratifs-special%20du%2004%20avril%202018.pdf
Crolles,"5,8839432","45,2845907",Isère,38,Auvergne-Rhône-Alpes,140,38140,NA,Philippe LORIMIER,SOC,8345,5,2,,,,,05/09/2017,05/06/2018,
Lempdes,"3,19478","45,7727",Puy-de-Dôme,63,Auvergne-Rhône-Alpes,193,63193,NA,Henri GISSELBRECHT,DVD,8315,2,1,,,,,07/02/2018,07/06/2018,
Val de Briey,"5,9571237","49,26623785",Meurthe-et-Moselle,54,Alsace-Champagne-Ardenne-Lorraine,099,54099,NA,François DIETSCH,DVD,8293,2,1,,,,,13/12/2017,03/06/2018,
Pézenas,"3,4228323","43,4611777",Hérault,34,Languedoc-Roussillon-Midi-Pyrénées,199,34199,NA,Alain VOGEL-SINGER,DVD,8156,8,1,,,,,27/02/2017,03/06/2018,
La Ravoire,"5,9615161","45,5549009",Savoie,73,Auvergne-Rhône-Alpes,213,73213,NA,Patrick MIGNOLA,MDM,8100,4,2,"315,00 €",,,,22/06/2017,03/06/2018,
Villars,"4,353307","45,4684804",Loire,42,Auvergne-Rhône-Alpes,330,42330,NA,Paul CELLE,UDI,8016,2,2,,,,,28/06/2017,03/06/2018,
Thann,"7,1020957","47,8101008",Haut-Rhin,68,Alsace-Champagne-Ardenne-Lorraine,334,68334,NA,Romain LUTTRINGER,UDI,7898,5,2,"400,00 €",,,,22/03/2017,03/06/2018,
Saint-Jean-de-Maurienne,"6,3453329","45,2775258",Savoie,73,Auvergne-Rhône-Alpes,248,73248,NA,Pierre-Marie CHARVOZ,UDI,7809,5,2,"400,00 €",,,,04/05/2017,03/06/2018,
Marseillan,"3,5280516","43,3567775",Hérault,34,Languedoc-Roussillon-Midi-Pyrénées,150,34150,NA,Yves MICHEL,DVD,7808,10,3,,,,,25/07/2017,03/06/2018,
Romagnat,"3,098485","45,7280876",Puy-de-Dôme,63,Auvergne-Rhône-Alpes,307,63307,NA,Laurent BRUNMUROL,DVD,7755,3,1,,,,,06/10/2017,06/06/2018,
Wissous,"2,3268669","48,7316381",Essonne,91,Ile-de-France,689,91689,NA,Richard TRINQUIER,UMP,7687,8,2,,,,,16/03/2017,03/06/2018,
Saint-Jean-d'Illac,"-0,7815257","44,8101856",Gironde,33,Aquitaine-Limousin-Poitou-Charentes,422,33422,NA,Hervé SEYVE,UMP,7610,3,4,,,,,23/04/2018,03/06/2018,
Lisses,"2,4237886","48,5960009",Essonne,91,Ile-de-France,340,91340,NA,Thierry LAFON,DVD,7586,4,5,,,,,22/05/2017,03/06/2018,
Lesquin,"3,10997","50,5888",Nord,59,Nord-Pas-de-Calais-Picardie,343,59343,NA,Dany WATTEBLED,UDI,7463,2,2,,,,,07/12/2017,03/06/2018,
Paray-Vieille-Poste,"2,3637838","48,7126093",Essonne,91,Ile-de-France,479,91479,NA,Alain VEDERE,DVD,7437,11,2,,,,,22/05/2017,03/06/2018,
Lésigny,"2,6146976","48,7441196",Seine-et-Marne,77,Ile-de-France,249,77249,NA,Michel PAPIN,UMP,7331,6,2,,,,,29/08/2017,03/06/2018,
Saint-Apollinaire,"5,0821629","47,3340704",Côte-d'Or,21,Bourgogne-Franche-Comté,540,21540,NA,Rémi DELATTE,UMP,7302,3,2,"360,00 €",,,,06/04/2017,03/06/2018,
Perros-Guirec,"-3,4394662","48,8151133",Côtes-d'Armor,22,Bretagne,168,22168,NA,Erven LEON,DVD,7288,2,2,,,,,08/12/2017,08/05/2018,
Paimpol,"-3,0484022","48,7794818",Côtes-d'Armor,22,Bretagne,162,22162,NA,Jean-Yves DE CHAISEMARTIN,UDI,7199,5,2,"318,00 €",,,,20/10/2017,20/05/2018,
Guénange,"6,1960648","49,2978357",Moselle,57,Alsace-Champagne-Ardenne-Lorraine,269,57269,NA,Jean-Pierre LA VAULLEE,SOC,7172,5,2,,,,,19/05/2017,03/06/2018,
Cavalaire-sur-Mer,"6,531917","43,1722952",Var,83,Provence-Alpes-Côte d'Azur,036,83036,NA,Philippe LEONELLI,DVD,7139,16,2,"400,00 €",,,,11/05/2017,03/06/2018,
Notre-Dame-de-Bondeville,"1,0487027","49,4883509",Seine-Maritime,76,Normandie,474,76474,NA,Jean-Yves MERLE,DVG,7131,2,1,,,,,18/12/2017,03/06/2018,
Villard-Bonnot,"5,8882101","45,2384678",Isère,38,Auvergne-Rhône-Alpes,547,38547,NA,Daniel CHAVAND,DVD,7096,2,1,,,,,16/08/2017,16/05/2018,
Wimereux,"1,6118608","50,7696858",Pas-de-Calais,62,Nord-Pas-de-Calais-Picardie,893,62893,NA,Francis RUELLE,DVD,7035,5,2,"400,00 €",,,,NC,NC,
Montussan,"-0,4286074","44,8816561",Gironde,33,Aquitaine-Limousin-Poitou-Charentes,293,33293,NA,Frédéric DUPIC,DVG,3107,1,1,,"*systématiquement, à chaque intervention*",Sentinel,"368,40 €",01/09/2017,03/06/2018,
Noyal-Châtillon-sur-Seiche,"-1,6619865","48,0425725",Ille-et-Vilaine,35,Bretagne,206,35206,NA,Gilles DE BEL AIR,DVD,6911,2,1,,,,,21/03/2018,03/06/2018,
Saint-Bonnet-de-Mure,"5,0224963","45,6945331",Rhône,69,Auvergne-Rhône-Alpes,287,69287,NA,Jean-Pierre JOURDAIN,UDI,6851,4,1,,,,,19/06/2017,03/06/2018,
La Tronche,"5,745715","45,2090131",Isère,38,Auvergne-Rhône-Alpes,516,38516,NA,Bertrand SPINDLER,DVG,6692,2,1,,,,,06/12/2017,06/06/2018,
Itteville,"2,3418427","48,5145073",Essonne,91,Ile-de-France,315,91315,NA,Alexandre SPADA,DVD,6676,2,2,"191,00 €",,,,01/03/2017 25/10/2017,03/06/2018,
Champ-sur-Drac,"5,729987","45,077144",Isère,38,Auvergne-Rhône-Alpes,071,38071,NA,Jacques NIVON,DVG,3037,1,1,,0,ICM,,20/11/2017,20/05/2018,
Neufchâteau,"5,6948571","48,3553014",Vosges,88,Alsace-Champagne-Ardenne-Lorraine,321,88321,NA,Simon LECLERC,UMP,6615,5,1,,,,,16/10/17,16/06/2018,
Avensan,"-0,7575952","45,036048",Gironde,33,Aquitaine-Limousin-Poitou-Charentes,022,33022,NA,Patrick BAUDIN,DVD,2857,1,1,,1,GK Pro,"480,00 €",02/05/2017,03/06/2018,
Laneuveville-devant-Nancy,"6,2314017","48,656251",Meurthe-et-Moselle,54,Alsace-Champagne-Ardenne-Lorraine,300,54300,NA,Serge BOULY,UMP,6529,2,2,,,,,31/07/2017,03/06/2018,
Plédran,"-2,74218","48,4434",Côtes-d'Armor,22,Bretagne,176,22176,NA,Stéphane BRIEND,DVD,6491,1,1,,,,,27/04/2017,27/05/2018,
Loriol-sur-Drôme,"4,822279","44,7518413",Drôme,26,Auvergne-Rhône-Alpes,166,26166,NA,Claude AURIAS,UDI,6487,3,3,,,,,24/05/2017,24/05/2018,
Épône,"1,8160913","48,9558885",Yvelines,78,Ile-de-France,217,78217,NA,Guy MULLER,UMP,6466,3,4,"382,00 €",,,,18/10/2017,18/05/2018,http://www.yvelines.gouv.fr/content/download/14347/91318/file/RAA%20157%20du%20271217.pdf
Villers-Saint-Paul,"2,49405","49,2891",Oise,60,Nord-Pas-de-Calais-Picardie,684,60684,NA,Gérard WEYN,SOC,6433,3,2,"400,00 €",,,,18/05/2017,03/06/2018,
Gigean,"3,7108476","43,5008343",Hérault,34,Languedoc-Roussillon-Midi-Pyrénées,113,34113,NA,Francis VEAUTE,DIV,6399,4,2,,,,,09/02/2017,03/06/2018,
Ceyrat,"3,0668817","45,7328967",Puy-de-Dôme,63,Auvergne-Rhône-Alpes,070,63070,NA,Laurent MASSELOT,UDI,6390,3,1,,,,,21/12/2017,21/05/2018,
Quiévrechain,"3,6700494","50,3956463",Nord,59,Nord-Pas-de-Calais-Picardie,484,59484,NA,Pierre GRINER,DVD,6349,2,3,,,,,03/01/2018,03/06/2018,
Montauroux,"6,765164","43,617944",Var,83,Provence-Alpes-Côte d'Azur,081,83081,NA,Jean-Yves HUET,DVD,6298,7,6,"1 095,00 €",,,,29/03/2017,03/06/2018,
La Mulatière,"4,8096049","45,7292173",Rhône,69,Auvergne-Rhône-Alpes,142,69142,NA,Guy BARRET,UMP,6260,3,2,,,,,02/05/2017,03/06/2018,
Montdidier,"2,570196","49,6460204",Somme,80,Nord-Pas-de-Calais-Picardie,561,80561,NA,Isabelle CARPENTIER,DIV,6201,4,6,,,,,10/08/2017,03/06/2018,http://somme.gouv.fr/content/download/22570/150409/file/recueil-2017-054-recueil-des-actes-administratifs.pdf
Vendargues,"3,9687448","43,6568263",Hérault,34,Languedoc-Roussillon-Midi-Pyrénées,327,34327,NA,Pierre DUDIEUZERE,UMP,6155,3,2,,,,,04/04/2017,03/06/2018,
Lezoux,"3,3805242","45,8281092",Puy-de-Dôme,63,Auvergne-Rhône-Alpes,195,63195,NA,Alain COSSON,DVD,6000,2,2,,,,,26/07/2017,26/05/2018,
Chasse-sur-Rhône,"4,8114503","45,5789437",Isère,38,Auvergne-Rhône-Alpes,087,38087,NA,Claude BOSIO,DIV,5913,2,2,,,,,06/12/2017,06/06/2018,
Oraison,"5,919898","43,9166157",Alpes-de-Haute-Provence,04,Provence-Alpes-Côte d'Azur,143,04143,NA,Michel VITTENET,UDI,5854,3,3,"573,00 €",,,,26/04/2017,03/06/2018,
Saint-Mandrier-sur-Mer,"5,92658","43,0761",Var,83,Provence-Alpes-Côte d'Azur,153,83153,NA,Gilles VINCENT,UMP,5787,7,2,,,,,17/05/2017,03/06/2018,
Trans-en-Provence,"6,4867321","43,5039337",Var,83,Provence-Alpes-Côte d'Azur,141,83141,NA,Jacques LECOINTE,UMP,5694,3,3,,,,,16/11/2017,03/06/2018,
Saint-Sébastien-de-Morsent,"1,0890917","49,006842",Eure,27,Normandie,602,27602,NA,Bruno GROIZELEAU,DVD,5638,2,2,,,,,12/10/2017,03/06/2018,
Parmain,"2,2090453","49,1142087",Val-d'Oise,95,Ile-de-France,480,95480,NA,Roland GUICHARD,UMP,5618,3,2,,,,,08/11/2017,03/06/2018,
Blainville-sur-Orne,"-0,2988889","49,2297222",Calvados,14,Normandie,076,14076,NA,Daniel FRANCOISE,SOC,5610,4,2,"420,00 €",,,,20/03/2017,03/06/2018,
Vias,"3,4201599","43,3107683",Hérault,34,Languedoc-Roussillon-Midi-Pyrénées,332,34332,NA,Jordan DARTIER,UMP,5572,9,3,,,,,02/06/2017,03/06/2018,
Le Val d'Hazey,"1,318898632","49,1713708",Eure,27,Normandie,022,27022,NA,Michèle PUCHEU,DVG,5532,7,7,,,,,03/07/2017,03/06/2018,
Jouars-Pontchartrain,"1,9000212","48,8032681",Yvelines,78,Ile-de-France,321,78321,NA,Hervé LEMOINE,UMP,5476,1,2,"400,00 €",,,,12/05/2017,12/04/2018,http://www.yvelines.gouv.fr/content/download/12764/82315/file/RAA%20N%20°%2046%20du%2017%20mai%202017.pdf
La Roque-d'Anthéron,"5,3122208","43,7150961",Bouches-du-Rhône,13,Provence-Alpes-Côte d'Azur,084,13084,NA,Jean-Pierre SERRUS,DIV,5469,4,4,"764,00 €",,,,27/04/2017,27/05/2018,
La Roquette-sur-Siagne,"6,9557118","43,5810901",Alpes-Maritimes,06,Provence-Alpes-Côte d'Azur,108,06108,NA,André ROATTA,UMP,5435,5,3,"1 000,00 €",,,,22/09/2017,03/06/2018,
Saint-Zacharie,"5,707967","43,3839412",Var,83,Provence-Alpes-Côte d'Azur,120,83120,NA,Pierre COULOMB,DVG,5392,5,5,"875,00 €",,,,12/05/2017,03/06/2018,
Saint-Laurent-de-Mure,"5,0461188","45,6872816",Rhône,69,Auvergne-Rhône-Alpes,288,69288,NA,Christiane GUICHERD,UMP,5391,3,3,"573,00 €",,,,10/03/2017,03/06/2018,
Fontenay-Trésigny,"2,8722456","48,7100369",Seine-et-Marne,77,Ile-de-France,192,77192,NA,Patrick ROSSILLI,DVG,5377,4,2,,,,,11/09/2017,03/06/2018,
Genlis,"5,221361","47,241208",Côte-d'Or,21,Bourgogne-Franche-Comté,292,21292,NA,Vincent DANCOURT,UMP,5342,2,2,"347,00 €",,,,19/06/2017,03/06/2018,
Montbard,"4,3373194","47,6241674",Côte-d'Or,21,Bourgogne-Franche-Comté,425,21425,NA,Laurence PORTE,UDI,5331,2,2,"299,00 €",,,,24/04/2017,03/06/2018,
Mirecourt,"6,1312974","48,3005302",Vosges,88,Alsace-Champagne-Ardenne-Lorraine,304,88304,NA,Yves SEJOURNE,UDI,5325,4,2,,,,,30/04/18,30/05/2018,
Villeneuve-sur-Yonne,"3,2943395","48,0819636",Yonne,89,Bourgogne-Franche-Comté,464,89464,NA,Cyril BOULLEAUX,DVG,5299,3,1,,,,,05/03/2018,05/06/2018,
Le Cendre,"3,1871331","45,7206707",Puy-de-Dôme,63,Auvergne-Rhône-Alpes,069,63069,NA,Hervé PRONONCE,UDI,5233,1,1,"195,00 €",,,,20/04/2017,20/05/2018,
Chessy,"2,7670473","48,8809764",Seine-et-Marne,77,Ile-de-France,111,77111,NA,Olivier BOURJOT,DVD,5131,3,5,,,,,18/12/2017,03/06/2018,
Pacy-sur-Eure,"1,39935091","49,0221572",Eure,27,Normandie,448,27448,NA,Pascal LEHONGRE,UMP,5117,2,2,,,,,15/12/2017,03/06/2018,
La Voulte-sur-Rhône,"4,7813846","44,8000756",Ardèche,07,Auvergne-Rhône-Alpes,349,07349,NA,Bernard BROTTES,DVD,5109,3,2,,,,,12/05/2017,03/06/2018,
La Grand-Croix,"4,55971","45,504",Loire,42,Auvergne-Rhône-Alpes,103,42103,NA,Luc FRANCOIS,DVD,5072,1,1,,,,,24/04/2017,03/06/2018,
Champagne-sur-Oise,"2,2312397","49,1339431",Val-d'Oise,95,Ile-de-France,134,95134,NA,Corinne VASSEUR,DVD,4925,3,1,,,,,29/03/2018,03/06/2018,
Guise,"3,6262542","49,8982325",Aisne,02,Nord-Pas-de-Calais-Picardie,361,02361,NA,Hugues COCHET,SOC,4919,3,3,,,,,13/04/2018,03/06/2018,http://www.aisne.gouv.fr/content/download/20071/136031/file/RAA_2018_17_Avril_partie_3.pdf
Beaurepaire,"5,0551546","45,3391102",Isère,38,Auvergne-Rhône-Alpes,034,38034,NA,Philippe MIGNOT,SOC,4891,1,2,,,,,13/07/2017,13/05/2018,
Schweighouse-sur-Moder,"7,7358163","48,821213",Bas-Rhin,67,Alsace-Champagne-Ardenne-Lorraine,458,67458,NA,Philippe SPECHT,DVD,4891,2,1,,,,,22/09/2017,03/06/2018,
L'Horme,"4,54312","45,4934",Loire,42,Auvergne-Rhône-Alpes,110,42110,NA,Enzo VIVIANI,DVD,4820,1,1,,,,,17/05/2017,03/06/2018,
Le Coudray-Montceaux,"2,4855792","48,5653177",Essonne,91,Ile-de-France,179,91179,NA,François GROS,UMP,4818,3,2,,,,,27/04/2018,03/06/2018,
Cessy,"6,0697412","46,3168303",Ain,01,Auvergne-Rhône-Alpes,071,01071,NA,Christophe BOUVIER,UMP,4817,2,2,,,,,20/11/2017,03/06/2018,http://www.ain.gouv.fr/IMG/pdf/recueil_special_du_1er_decembre_2017_bis.pdf
Le Versoud,"5,8603962","45,2151366",Isère,38,Auvergne-Rhône-Alpes,538,38538,NA,Patrick JANOLIN,SOC,4768,2,1,,,,,09/08/2017,09/05/2018,
Crégy-lès-Meaux,"2,87437","48,9779",Seine-et-Marne,77,Ile-de-France,143,77143,NA,Gérard CHOMONT,SOC,4721,2,2,,,,,20/07/2017,03/06/2018,
Grans,"5,063379","43,606758",Bouches-du-Rhône,13,Provence-Alpes-Côte d'Azur,044,13044,NA,Yves VIDAL,RDG,4703,6,4,,,,,16/03/2017,16/05/2018,
Saint-Marcel,"1,454725","49,0984117",Eure,27,Normandie,562,27562,NA,Gérard VOLPATTI,UMP,4588,1,1,,,,,03/07/2017,03/06/2018,
Carcans,"-1,0439593","45,0796259",Gironde,33,Aquitaine-Limousin-Poitou-Charentes,097,33097,NA,Patrick MEIFFREN,DVD,2388,2,2,,*pas d'expérimentation*,GK Pro,"970,00 €",23/04/2018,03/06/2018,
Lisle-sur-Tarn,"1,8102982","43,8529903",Tarn,81,Languedoc-Roussillon-Midi-Pyrénées,145,81145,NA,Maryline LHERM,DIV,4574,1,1,,,,,26/02/2018,03/06/2018,
Saint-Sulpice-et-Cameyrac,"-0,3909503","44,9101967",Gironde,33,Aquitaine-Limousin-Poitou-Charentes,483,33483,NA,Pierre JAGUENAUD,DIV,4565,1,1,,,,,03/07/2017,03/06/2018,
Luzarches,"2,4248263","49,1175761",Val-d'Oise,95,Ile-de-France,352,95352,NA,Damien DELRUE,DIV,4536,1,1,,,,,11/05/2017,01/06/2018,
Villenoy,"2,8596553","48,9412182",Seine-et-Marne,77,Ile-de-France,513,77513,NA,Michel VENRIES,DVG,4492,1,1,,,,,08/11/2017,03/06/2018,
Crespin,"3,65142","50,423",Nord,59,Nord-Pas-de-Calais-Picardie,160,59160,NA,Alain DEE,DVD,4471,3,3,,,,,11/01/2018,03/06/2018,
Laigneville,"2,4447527","49,2956967",Oise,60,Nord-Pas-de-Calais-Picardie,342,60342,NA,Christophe DIETRICH,DIV,4422,2,1,,,,,18/05/2017,03/06/2018,
Maurecourt,"2,0625234","48,9975159",Yvelines,78,Ile-de-France,382,78382,NA,Gérald RUTAULT,SOC,4422,1,1,"190,00 €",,,,22/12/2017,22/05/2018,http://www.yvelines.gouv.fr/content/download/14347/91318/file/RAA%20157%20du%20271217.pdf
Ballainvilliers,"2,2944783","48,6752123",Essonne,91,Ile-de-France,044,91044,NA,Brigitte PUECH,UDI,4358,1,1,,,,,16/03/2017,03/06/2018,
Clohars-Carnoët,"-3,5826145","47,7955209",Finistère,29,Bretagne,031,29031,NA,Jacques JULOUX,SOC,4315,1,1,,,,,28/07/2017,28/05/2018,
Saint-Tropez,"6,6405225","43,2727191",Var,83,Provence-Alpes-Côte d'Azur,119,83119,NA,Jean-Pierre TUVERI,DVD,4305,34,3,"600,00 €",,,,29/03/2017,03/06/2018,
Grimaud,"6,5222979","43,2737698",Var,83,Provence-Alpes-Côte d'Azur,068,83068,NA,Alain BENEDETTO,UMP,4300,9,2,,,,,29/03/2017,03/06/2018,
Villeneuve-lès-Béziers,"3,2797511","43,3162817",Hérault,34,Languedoc-Roussillon-Midi-Pyrénées,336,34336,NA,Jean-Paul GALONNIER,DVG,4266,6,2,,,,,09/02/2017,03/06/2018,
Montagnac,"3,4836914","43,4810656",Hérault,34,Languedoc-Roussillon-Midi-Pyrénées,162,34162,NA,Yann LLOPIS,DVD,4257,3,2,,,,,24/02/2017,03/06/2018,
Courpière,"3,5384718","45,7541958",Puy-de-Dôme,63,Auvergne-Rhône-Alpes,125,63125,NA,Christiane SAMSON,COM,4234,1,1,,,,,09/06/2017,09/06/2018,
Duclair,"0,8754968","49,482563",Seine-Maritime,76,Normandie,222,76222,NA,Jean DELALANDRE,UMP,4214,1,1,,,,,27/03/2018,03/06/2018,
Sévrier,"6,1404951","45,8641144",Haute-Savoie,74,Auvergne-Rhône-Alpes,267,74267,NA,Jacques REY,DVD,4156,3,3,,,,,19/05/17,03/06/2018,
Cadenet,"5,3737893","43,7346782",Vaucluse,84,Provence-Alpes-Côte d'Azur,026,84026,NA,Fernand PEREZ,DVG,4154,4,4,,,,,18/04/2017,03/06/2018,
Barbentane,"4,7477259","43,8986064",Bouches-du-Rhône,13,Provence-Alpes-Côte d'Azur,010,13010,NA,Jean-Christophe DAUDET,DVD,4123,2,2,"382,00 €",*ne souhaite pas communiquer*,,,22/02/2017,22/05/2018,
Montrabé,"1,5251637","43,6425112",Haute-Garonne,31,Languedoc-Roussillon-Midi-Pyrénées,389,31389,NA,Jacques SEBI,SOC,4119,3,1,,,,,27/10/2017,27/06/2018,
Poligny,"5,7062223","46,8354661",Jura,39,Bourgogne-Franche-Comté,434,39434,NA,Dominique BONNET,UMP,4104,3,1,,,,,04/12/2017,03/06/2018,
Chazay-d'Azergues,"4,71116","45,8759",Rhône,69,Auvergne-Rhône-Alpes,052,69052,NA,Alain MARTINET,DVD,4095,1,1,,*ne souhaite pas communiquer*,,,11/03/2017,03/06/2018,
Collonges-au-Mont-d'Or,"4,8411566","45,8229657",Rhône,69,Auvergne-Rhône-Alpes,063,69063,NA,Alain GERMAIN,DVD,4012,1,1,,,,,19/02/2018,03/06/2018,
Pusignan,"5,06785","45,7561",Rhône,69,Auvergne-Rhône-Alpes,285,69285,NA,Gilbert MARBOEUF,DVD,4011,2,2,,,,,14/04/2017,03/06/2018,
Aulnat,"3,17143","45,793",Puy-de-Dôme,63,Auvergne-Rhône-Alpes,019,63019,NA,Didier LAVILLE,DVG,4007,1,1,,,,,09/01/2018,09/06/2018,
Verberie,"2,7288582","49,3094836",Oise,60,Nord-Pas-de-Calais-Picardie,667,60667,NA,Michel ARNOULD,DIV,3995,1,1,"200,00 €",,,,18/05/2017,03/06/2018,
Saint-Vallier,"4,8157825","45,1784989",Drôme,26,Auvergne-Rhône-Alpes,333,26333,NA,Jacques CHEVAL,SOC,3935,2,2,,,,,14/03/2017,14/05/2018,
Villedieu-les-Poêles-Rouffigny,"-1,223015971","48,824755",Manche,50,Normandie,639,50639,NA,Philippe LEMAÎTRE,UDI,3905,1,1,,,,,31/01/2018,03/06/2018,
La Croix-Valmer,"6,5676698","43,208027",Var,83,Provence-Alpes-Côte d'Azur,048,83048,NA,Bernard JOBERT,DVD,3810,11,2,"382,00 €",,,,29/03/2017,03/06/2018,
Lauris,"5,3126795","43,7466047",Vaucluse,84,Provence-Alpes-Côte d'Azur,065,84065,NA,André ROUSSET,DVG,3789,2,3,,,,,18/04/2017,03/06/2018,
Ribécourt-Dreslincourt,"2,921889","49,5140682",Oise,60,Nord-Pas-de-Calais-Picardie,537,60537,NA,Jean-Guy LETOFFE,COM,3779,3,3,,,,,12/10/2017,03/06/2018,
Meyrargues,"5,5284652","43,6352906",Bouches-du-Rhône,13,Provence-Alpes-Côte d'Azur,059,13059,NA,Mireille JOUVE,DIV,3745,3,1,,,,,22/02/2017,22/07/2018,
Isigny-sur-Mer,"-1,099219305","49,30567575",Calvados,14,Normandie,342,14342,NA,Eric BARBANCHON,DIV,3674,1,1,"154,00 €",,,,07/05/2017,03/06/2018,
Mézières-sur-Seine,"1,7961756","48,9608736",Yvelines,78,Ile-de-France,402,78402,NA,Jean-François FASTRE,DVD,3636,0,2,,,,,30/03/2018,30/04/2018,http://www.yvelines.gouv.fr/content/download/14977/94945/file/RAA%20N°42%20du%204%20avril%202018.pdf
Chaingy,"1,7753982","47,8908017",Loiret,45,Centre-Val de Loire,067,45067,NA,Jean-Pierre DURAND,DVD,3617,2,2,"379,00 €",,,,03/04/2017,03/06/2018,
Saïx,"2,1832358","43,581767",Tarn,81,Languedoc-Roussillon-Midi-Pyrénées,273,81273,NA,Geneviève DURA,SOC,3471,1,1,,,,,28/09/2017,03/06/2018,
Fumay,"4,7052616","49,9910213",Ardennes,08,Alsace-Champagne-Ardenne-Lorraine,185,08185,NA,Mario IGLESIAS,DVD,3464,3,3,,,,,18/08/2017,03/06/2018,
Rivery,"2,3216925","49,9005828",Somme,80,Nord-Pas-de-Calais-Picardie,674,80674,NA,Bernard BOCQUILLON,SOC,3454,4,1,,,,,13/04/2017,03/06/2018,http://somme.gouv.fr/content/download/21760/146356/file/recueil-2017-031-recueil-des-actes-administratifs.pdf
Sainte-Tulle,"5,7627076","43,7858321",Alpes-de-Haute-Provence,04,Provence-Alpes-Côte d'Azur,197,04197,NA,Bruno POISSONNIER,SOC,3449,3,3,"573,00 €",,,,26/04/2017,03/06/2018,
Saint-Brice-Courcelles,"3,9866881","49,2619631",Marne,51,Alsace-Champagne-Ardenne-Lorraine,474,51474,NA,Alain LESCOUET,DVG,3433,NA,2,,,,,11/09/2017,03/06/2018,http://www.marne.gouv.fr/content/download/15665/106823/file/Recueil%209bis-2017%20du%2015%20septembre.pdf
Grosbliederstroff,"7,0254677","49,1564879",Moselle,57,Alsace-Champagne-Ardenne-Lorraine,260,57260,NA,Joël NIEDERLAENDER,DVG,3348,1,1,,,,,20/11/2017,03/06/2018,
Saint-Jeoire,"6,4582302","46,1386318",Haute-Savoie,74,Auvergne-Rhône-Alpes,241,74241,NA,Nelly NOEL-SANDRIN,DVD,3252,1,1,"200,00 €",,,,23/05/17,03/06/2018,
Megève,"6,617932","45,8567089",Haute-Savoie,74,Auvergne-Rhône-Alpes,173,74173,NA,Catherine JULLIEN-BRECHES,UMP,3210,8,2,,,,,12/12/17,03/06/2018,
Semoy,"1,9494742","47,9337171",Loiret,45,Centre-Val de Loire,308,45308,NA,Laurent BAUDE,DVG,3199,1,1,"200,00 €",,,,07/07/2017,03/06/2018,
Lavérune,"3,8036308","43,5848366",Hérault,34,Languedoc-Roussillon-Midi-Pyrénées,134,34134,NA,Roger CAIZERGUES,DVG,3161,3,1,,,,,23/03/2017,03/06/2018,
Bourgoin-Jallieu,"5,2828123","45,5872259",Isère,38,Auvergne-Rhône-Alpes,053,38053,NA,Vincent CHRIQUI,UMP,27502,10,9,,*non-communiqué*,AEE,"424,09 €",07/08/2017,07/06/2018,
Orgon,"5,0394918","43,790843",Bouches-du-Rhône,13,Provence-Alpes-Côte d'Azur,067,13067,NA,Guy ROBERT,DVG,3104,3,3,,,,,02/05/2017,02/06/2018,
Gevrey-Chambertin,"4,9705666","47,2261857",Côte-d'Or,21,Bourgogne-Franche-Comté,295,21295,NA,Bernard MOYNE,SOC,3084,1,1,"190,00 €",,,,03/10/2017,03/06/2018,
Anzin,"3,5137253","50,3752242",Nord,59,Nord-Pas-de-Calais-Picardie,014,59014,NA,Pierre-Michel BERNARD,DVG,13587,7,7,"1 218,00 €",*pas de décompte*,Sentinel,"348,00 €",30/05/2017,03/06/2018,
Raismes,"3,4834","50,4058",Nord,59,Nord-Pas-de-Calais-Picardie,491,59491,NA,Aymeric ROBIN,COM,12642,4,4,"696,00 €",*pas de décompte*,Sentinel,"348,00 €",30/05/2017,03/06/2018,
Médis,"-0,960398","45,6418",Charente-Maritime,17,Aquitaine-Limousin-Poitou-Charentes,228,17228,NA,Yvon COTTERRE,DVD,2849,1,1,"200,00 €",,,,07/03/2017,03/06/2018,
Mardié,"2,06722","47,9014",Loiret,45,Centre-Val de Loire,194,45194,NA,Christian THOMAS,DVD,2684,1,2,"190,00 €",,,,24/04/2017,03/06/2018,
Chens-sur-Léman,"6,2674591","46,3268916",Haute-Savoie,74,Auvergne-Rhône-Alpes,070,74070,NA,Pascale MORIAUD-BILLOD,DVD,2531,1,2,,,,,19/03/18,03/06/2018,
Josselin,"-2,5472538","47,9540017",Morbihan,56,Bretagne,091,56091,NA,Joseph SEVENO,UMP,2495,1,1,"200,00 €",,,,03/07/2017,03/06/2018,
Beuvrages,"3,50737","50,3882",Nord,59,Nord-Pas-de-Calais-Picardie,079,59079,NA,Marie-Suzanne COPIN,DVG,6582,3,3,"522,00 €",*pas de décompte*,Sentinel,"348,00 €",30/05/2017,03/06/2018,
Colleville-Montgomery,"-0,2977665","49,2767615",Calvados,14,Normandie,166,14166,NA,Frédéric LOINARD,DIV,2371,1,1,"73,00 €",,,,26/04/2017,03/06/2018,
Marle,"3,7713889","49,74",Aisne,02,Nord-Pas-de-Calais-Picardie,468,02468,NA,Jacques SEVRAIN,SOC,2281,1,1,,,,,19/04/2017,03/06/2018,
Bessé-sur-Braye,"0,7525544","47,8346552",Sarthe,72,Pays de la Loire,035,72035,NA,Jacques LACOCHE,UDI,2233,1,1,,*pas d'expérimentation*,,,28/08/2017,03/06/2018,
Le Crotoy,"1,624047","50,2165693",Somme,80,Nord-Pas-de-Calais-Picardie,228,80228,NA,Jeanine BOURGAU,DVG,2077,2,2,,,,,13/04/2017,03/06/2018,http://somme.gouv.fr/content/download/21760/146356/file/recueil-2017-031-recueil-des-actes-administratifs.pdf
Ennery,"6,2197994","49,2256191",Moselle,57,Alsace-Champagne-Ardenne-Lorraine,193,57193,NA,Ghislaine MELON,DIV,1972,6,2,,,,,30/06/2017,03/06/2018,
Menthon-Saint-Bernard,"6,1961189","45,8597877",Haute-Savoie,74,Auvergne-Rhône-Alpes,176,74176,NA,Antoine DE MENTHON,UMP,1898,1,1,,,,,25/08/17,03/06/2018,
Les Allues,"6,5563846","45,4307976",Savoie,73,Auvergne-Rhône-Alpes,015,73015,NA,Thierry MONIN,DVD,1848,3,1,"200,00 €",,,,04/05/2017,03/06/2018,
Lit-et-Mixe,"-1,2530659","44,0321709",Landes,40,Aquitaine-Limousin-Poitou-Charentes,157,40157,NA,Bertrand PUYO,UMP,1588,1,1,,"*pas d'expérimentation, autorisation reçue tardivement*",,,20/04/2018,03/06/2018,
Vieux-Boucau-les-Bains,"-1,4044029","43,7854047",Landes,40,Aquitaine-Limousin-Poitou-Charentes,328,40328,NA,Pierre FROUSTEY,SOC,1580,1,5,,,,,26/04/2018,03/06/2018,
Théoule-sur-Mer,"6,9399193","43,5060877",Alpes-Maritimes,06,Provence-Alpes-Côte d'Azur,138,06138,NA,Georges BOTELLA,UDI,1533,4,4,"800,00 €",,,,21/04/2017,03/06/2018,
Collias,"4,47701","43,9544",Gard,30,Languedoc-Roussillon-Midi-Pyrénées,085,30085,NA,Benoît GARREC,DIV,1122,1,1,,,,,18/10/2017,03/06/2018,